spellKey,name,spellClass,spellLevel,sourceBook,sourcePage,reversible,reverseName,needsDetails,range,duration,effect,save,tags,manualNotes,pageVerified,reviewed,confidence,needsReview,suggestedSourcePage,suggestedRange,suggestedDuration,suggestedEffect,suggestedSave,suggestedTags,suggestedManualNotes,suggestedContextExcerpt
"cure-light-wounds","Cure Light Wounds","Cleric",1,"Basic","26",true,"Cause Light Wounds",true,"Touch","Permanent","Heals 2-7 hp or removes paralysis from one living creature.","none",["healing,paralysis,reversible"],"Heals light damage or paralysis; reverse causes 2-7 damage by touch.",true,true,1,true,"26","Touch","Permanent","Heals 2-7 hp or removes paralysis from one living creature.","none",["healing,paralysis,reversible"],"",""
"detect-magic","Detect Magic","Cleric",1,"Basic","26",false,"",true,"0","2 turns","Magical objects, creatures, and places within 60 ft glow.","none",["detection,magic"],"Caster sees magic within 60 ft glow for a short time.",true,true,1,true,"26","0","2 turns","Magical objects, creatures, and places within 60 ft glow.","none",["detection,magic"],"",""
"light","Light","Cleric",1,"Basic","26",true,"Darkness",true,"120 ft","12 turns","Creates light in a 30 ft diameter volume; can blind if cast at eyes.","negates blindness if targeted",["light,reversible"],"Creates torch-like light; reverse creates darkness.",true,true,1,true,"26","120 ft","12 turns","Creates light in a 30 ft diameter volume; can blind if cast at eyes.","negates blindness if targeted",["light,reversible"],"",""
"protection-from-evil","Protection from Evil","Cleric",1,"Basic","27",false,"",true,"0","12 turns","Caster gains protective barrier: attacks -1, saves +1; enchanted creatures blocked.","none",["protection"],"Protects caster from hostile attacks and blocks enchanted melee contact.",true,true,1,true,"27","0","12 turns","Caster gains protective barrier: attacks -1, saves +1; enchanted creatures blocked.","none",["protection"],"",""
"purify-food-and-water","Purify Food and Water","Cleric",1,"Basic","27",false,"",true,"10 ft","Permanent","Purifies spoiled/poisoned food or water; can settle mud into clear water.","none",["utility,purification"],"Makes food and water safe; does not affect living creatures.",true,true,1,true,"27","10 ft","Permanent","Purifies spoiled/poisoned food or water; can settle mud into clear water.","none",["utility,purification"],"",""
"remove-fear","Remove Fear","Cleric",1,"Basic","27",false,"",true,"Touch","2 turns","Calms one living creature and may end magical fear with a bonus save.","special",["fear,protection,reversible"],"Removes fear; reverse causes fear.",true,true,1,true,"27","Touch","2 turns","Calms one living creature and may end magical fear with a bonus save.","special",["fear,protection,reversible"],"",""
"resist-cold","Resist Cold","Cleric",1,"Basic","27",false,"",true,"0","6 turns","Creatures within 30 ft resist freezing; +2 saves vs cold and -1 damage per die.","none",["protection,cold"],"Party near caster resists cold and cold-based attacks.",true,true,1,true,"27","0","6 turns","Creatures within 30 ft resist freezing; +2 saves vs cold and -1 damage per die.","none",["protection,cold"],"",""
"bless","Bless","Cleric",2,"Basic","5",false,"",true,"60 ft","6 turns","Friendly creatures in 20 ft square gain +1 morale, hit, and damage before melee.","none / negates blight",["buff,morale,reversible"],"Bless buffs allies not yet in melee; reverse penalizes enemies.",true,true,1,true,"5","60 ft","6 turns","Friendly creatures in 20 ft square gain +1 morale, hit, and damage before melee.","none / negates blight",["buff,morale,reversible"],"",""
"find-traps","Find Traps","Cleric",2,"Basic","5",false,"",true,"0","2 turns","Traps within 30 ft glow blue when the cleric approaches.","none",["detection,traps"],"Reveals presence of traps, not type or removal method.",true,true,1,true,"5","0","2 turns","Traps within 30 ft glow blue when the cleric approaches.","none",["detection,traps"],"",""
"hold-person","Hold Person","Cleric",2,"Basic","5",false,"",true,"180 ft","9 turns","Paralyzes up to 4 humanoids; single target saves at -2.","spells negates",["paralysis,control,reversible"],"Paralyzes humanoids; reverse frees held persons.",true,true,1,true,"5","180 ft","9 turns","Paralyzes up to 4 humanoids; single target saves at -2.","spells negates",["paralysis,control,reversible"],"",""
"know-alignment","Know Alignment","Cleric",2,"Basic","5",false,"",true,"0","1 round","Reveals alignment of one creature, item, or area within 10 ft.","none",["detection,alignment,reversible"],"Identifies alignment; reverse masks with false alignment.",true,true,1,true,"5","0","1 round","Reveals alignment of one creature, item, or area within 10 ft.","none",["detection,alignment,reversible"],"",""
"silence-15-radius","Silence 15' Radius","Cleric",2,"Basic","6",false,"",true,"180 ft","12 turns","Creates 30 ft diameter silence; moving target may carry effect if save fails.","spells negates moving effect",["control,silence"],"Stops speech and spellcasting inside the silent area.",true,true,1,true,"6","180 ft","12 turns","Creates 30 ft diameter silence; moving target may carry effect if save fails.","spells negates moving effect",["control,silence"],"",""
"snake-charm","Snake Charm","Cleric",2,"Basic","6",false,"",true,"60 ft","2-5 rounds or 2-5 turns","Charms 1 HD of snakes per caster level; no save.","none",["animals,charm"],"Snakes sway harmlessly unless attacked; shorter duration in combat.",true,true,1,true,"6","60 ft","2-5 rounds or 2-5 turns","Charms 1 HD of snakes per caster level; no save.","none",["animals,charm"],"",""
"speak-with-animals","Speak with Animals","Cleric",2,"Basic","6",false,"",true,"0","6 turns","Caster speaks with one named animal type within 30 ft.","none",["communication,animals"],"Talks to a chosen animal type; reactions are usually favorable.",true,true,1,true,"6","0","6 turns","Caster speaks with one named animal type within 30 ft.","none",["communication,animals"],"",""
"continual-light","Continual Light","Cleric",3,"Expert","6",true,"Continual Darkness",true,"120 ft","Permanent","Creates daylight-bright 60 ft sphere; can blind if cast at eyes.","spells negates blindness",["light,reversible"],"Permanent daylight effect; reverse creates continual darkness.",true,true,1,true,"6","120 ft","Permanent","Creates daylight-bright 60 ft sphere; can blind if cast at eyes.","spells negates blindness",["light,reversible"],"",""
"cure-disease","Cure Disease","Cleric",3,"Expert","6",true,"Cause Disease",true,"30 ft","Permanent","Cures one disease; high-level caster can cure lycanthropy.","none",["healing,disease,reversible"],"Cures disease; reverse inflicts wasting disease.",true,true,1,true,"6","30 ft","Permanent","Cures one disease; high-level caster can cure lycanthropy.","none",["healing,disease,reversible"],"",""
"growth-of-animal","Growth of Animal","Cleric",3,"Expert","6",false,"",true,"120 ft","12 turns","Doubles size, strength, damage, and carrying capacity of one animal.","none",["animals,buff"],"Enlarges normal or giant animal without changing behavior.",true,true,1,true,"6","120 ft","12 turns","Doubles size, strength, damage, and carrying capacity of one animal.","none",["animals,buff"],"",""
"locate-object","Locate Object","Cleric",3,"Expert","6",false,"",true,"0","6 turns","Caster senses direction of one known object within 120 ft.","none",["detection,utility"],"Detects direction only; does not locate creatures.",true,true,1,true,"6","0","6 turns","Caster senses direction of one known object within 120 ft.","none",["detection,utility"],"",""
"remove-curse","Remove Curse","Cleric",3,"Expert","6",true,"Curse",true,"Touch","Permanent","Removes one curse from creature, item, or area; some removals may be temporary.","none",["curse,reversible"],"Removes curses; reverse applies a misfortune or penalty.",true,true,1,true,"6","Touch","Permanent","Removes one curse from creature, item, or area; some removals may be temporary.","none",["curse,reversible"],"",""
"striking","Striking","Cleric",3,"Expert","7",false,"",true,"30 ft","1 turn","One weapon gains +1d6 damage per attack and can harm magic-only targets for that bonus.","none",["buff,weapon,damage"],"Temporarily empowers a weapon with extra striking damage.",true,true,1,true,"7","30 ft","1 turn","One weapon gains +1d6 damage per attack and can harm magic-only targets for that bonus.","none",["buff,weapon,damage"],"",""
"warp-wood","Warp Wood","Cleric",3,"Expert","6",false,"",true,"240 ft","Permanent","Bends or warps wooden items, usually spoiling weapons, doors, or small objects.","special",["wood,utility"],"Warps wood; useful against bows, doors, shafts, and similar items.",true,true,1,true,"6","240 ft","Permanent","Bends or warps wooden items, usually spoiling weapons, doors, or small objects.","special",["wood,utility"],"",""
"create-water","Create Water","Cleric",4,"Expert","7",false,"",true,"10 ft","6 turns","Creates a spring with water for 12 men and mounts, plus more at higher levels.","none",["creation,water"],"Creates drinking water from ground or wall for one hour.",true,true,1,true,"7","10 ft","6 turns","Creates a spring with water for 12 men and mounts, plus more at higher levels.","none",["creation,water"],"",""
"cure-serious-wounds","Cure Serious Wounds","Cleric",4,"Expert","7",true,"Cause Serious Wounds",true,"Touch","Permanent","Heals 4-14 hp damage to one living creature.","none",["healing,reversible"],"Heals serious wounds; reverse causes 4-14 damage by touch.",true,true,1,true,"7","Touch","Permanent","Heals 4-14 hp damage to one living creature.","none",["healing,reversible"],"",""
"neutralize-poison","Neutralize Poison","Cleric",4,"Expert","8",false,"",true,"Touch","Permanent","Neutralizes poison in creature, container, or object; can revive poison death within 10 rounds.","none",["poison,healing,reversible"],"Makes poison harmless; reverse creates lethal poison.",true,true,1,true,"8","Touch","Permanent","Neutralizes poison in creature, container, or object; can revive poison death within 10 rounds.","none",["poison,healing,reversible"],"",""
"protection-from-evil-10-radius","Protection from Evil 10' Radius","Cleric",4,"Expert","8",false,"",true,"0","12 turns","20 ft diameter barrier gives allies +1 saves, attackers -1 hit, and blocks enchanted melee.","none",["protection,area"],"Area version of protection from evil centered on caster.",true,true,1,true,"8","0","12 turns","20 ft diameter barrier gives allies +1 saves, attackers -1 hit, and blocks enchanted melee.","none",["protection,area"],"",""
"speak-with-plants","Speak with Plants","Cleric",4,"Expert","8",false,"",true,"0","3 turns","Caster speaks with plants within 30 ft and can request simple favors.","none",["communication,plants"],"Allows plant communication and passage through vegetation.",true,true,1,true,"8","0","3 turns","Caster speaks with plants within 30 ft and can request simple favors.","none",["communication,plants"],"",""
"sticks-to-snakes","Sticks to Snakes","Cleric",4,"Expert","8",true,"Snakes to Sticks",true,"120 ft","6 turns","Turns 2-16 sticks into snakes that obey the cleric.","none",["summoning,animals"],"Creates temporary snake servants from sticks.",true,true,1,true,"8","120 ft","6 turns","Turns 2-16 sticks into snakes that obey the cleric.","none",["summoning,animals"],"",""
"commune","Commune","Cleric",5,"Expert","9",false,"",true,"0","3 turns","Cleric asks higher powers three yes/no questions; usable rarely.","none",["divination"],"Ask divine powers limited questions for guidance.",true,true,1,true,"9","0","3 turns","Cleric asks higher powers three yes/no questions; usable rarely.","none",["divination"],"",""
"create-food","Create Food","Cleric",5,"Expert","9",false,"",true,"10 ft","Permanent","Creates food for 12 men and mounts for one day, more at higher levels.","none",["creation,food"],"Creates sustaining food for a group and mounts.",true,true,1,true,"9","10 ft","Permanent","Creates food for 12 men and mounts for one day, more at higher levels.","none",["creation,food"],"",""
"cure-critical-wounds","Cure Critical Wounds","Cleric",5,"Companion","12",false,"",true,"Touch","Permanent","Cures 6-21 hp damage to one living creature; reverse causes same damage by touch.","none",["healing,damage,reversible"],"Major cure spell; reverse causes critical wounds by touch.",true,true,1,true,"12","Touch","Permanent","Cures 6-21 hp damage to one living creature; reverse causes same damage by touch.","none",["healing,damage,reversible"],"",""
"dispel-evil","Dispel Evil","Cleric",5,"Expert","9",false,"",true,"30 ft","1 turn","Banishing/protective power against enchanted or summoned evil creatures and curses.","special",["protection,banishment"],"Can drive away or destroy evil magical influence at close range.",true,true,1,true,"9","30 ft","1 turn","Banishing/protective power against enchanted or summoned evil creatures and curses.","special",["protection,banishment"],"",""
"insect-plague","Insect Plague","Cleric",5,"Expert","9",false,"",true,"480 ft","1 day","Summons a 60 ft swarm cloud that drives away creatures under 3 HD.","none",["summoning,insects,control"],"Creates a large insect swarm that disrupts weak creatures.",true,true,1,true,"9","480 ft","1 day","Summons a 60 ft swarm cloud that drives away creatures under 3 HD.","none",["summoning,insects,control"],"",""
"quest","Quest","Cleric",5,"Expert","10",false,"",true,"30 ft","Until fulfilled","Compels a creature to perform or avoid a task; refusal causes penalties.","spells negates",["control,geas,reversible"],"Places a divine obligation; reverse removes quest.",true,true,1,true,"10","30 ft","Until fulfilled","Compels a creature to perform or avoid a task; refusal causes penalties.","spells negates",["control,geas,reversible"],"",""
"raise-dead","Raise Dead","Cleric",5,"Expert","10",false,"",true,"120 ft","Permanent","Restores a dead human/demi-human within time limit; recipient returns weak.","none",["healing,resurrection,reversible"],"Raises dead; reverse can slay like finger of death.",true,true,1,true,"10","120 ft","Permanent","Restores a dead human/demi-human within time limit; recipient returns weak.","none",["healing,resurrection,reversible"],"",""
"truesight","Truesight","Cleric",5,"Companion","12",false,"",true,"0","1 turn + 1 round per level","Reveals hidden, invisible, ethereal, disguised, and polymorphed things within 120 ft; also reveals alignment and power.","none",["detection,truth"],"Powerful true-seeing effect within 120 ft.",true,true,1,true,"12","0","1 turn + 1 round per level","Reveals hidden, invisible, ethereal, disguised, and polymorphed things within 120 ft; also reveals alignment and power.","none",["detection,truth"],"",""
"aerial-servant","Aerial Servant","Cleric",6,"Companion","12",false,"",true,"60 ft","1 day per level","Summons an aerial servant to fetch a described creature or item from an approximate location.","none",["summoning,ethereal,utility"],"Summons servant to retrieve one named target.",true,true,1,true,"12","60 ft","1 day per level","Summons an aerial servant to fetch a described creature or item from an approximate location.","none",["summoning,ethereal,utility"],"",""
"barrier","Barrier","Cleric",6,"Companion","12",false,"",true,"60 ft","12 turns","Creates a 30 ft diameter by 30 ft high wall of whirling hammers; passing through causes 7-70 damage.","none",["barrier,damage,reversible"],"Blocks passage with damaging hammer barrier; reverse removes clerical/magical walls.",true,true,1,true,"12","60 ft","12 turns","Creates a 30 ft diameter by 30 ft high wall of whirling hammers; passing through causes 7-70 damage.","none",["barrier,damage,reversible"],"",""
"create-normal-animals","Create Normal Animals","Cleric",6,"Companion","12",false,"",true,"30 ft","10 turns","Creates 1 large, 3 medium, or 6 small normal loyal animals that obey the cleric.","none",["creation,animals,summoning"],"Creates temporary normal animals under command.",true,true,1,true,"12","30 ft","10 turns","Creates 1 large, 3 medium, or 6 small normal loyal animals that obey the cleric.","none",["creation,animals,summoning"],"",""
"earthquake","Earthquake","Cleric",7,"Companion","13",false,"",true,"120 yards","1 turn","Shakes earth in a large area, damaging structures and opening cracks that may engulf creatures.","none",["earth,area,destruction"],"Creates destructive earth tremors over a scaling area.",true,true,1,true,"13","120 yards","1 turn","Shakes earth in a large area, damaging structures and opening cracks that may engulf creatures.","none",["earth,area,destruction"],"",""
"holy-word","Holy Word","Cleric",7,"Companion","13",false,"",true,"0","Instantaneous","Affects all creatures within 40 ft whose alignment differs from the cleric: may kill, stun, or deafen by level.","spells negates for level 13+ or same alignment",["alignment,area,power-word"],"Alignment-based area word with severe effects.",true,true,1,true,"13","0","Instantaneous","Affects all creatures within 40 ft whose alignment differs from the cleric: may kill, stun, or deafen by level.","spells negates for level 13+ or same alignment",["alignment,area,power-word"],"",""
"restore","Restore","Cleric",7,"Companion","13",false,"",true,"Touch","Permanent","Restores one full level of energy experience lost to energy drain; reverse drains one level.","none",["restoration,energy-drain,reversible"],"Restores one drained level; reverse drains one level.",true,true,1,true,"13","Touch","Permanent","Restores one full level of energy experience lost to energy drain; reverse drains one level.","none",["restoration,energy-drain,reversible"],"",""
"raise-dead-fully","Raise Dead Fully","Cleric",7,"Companion","13",false,"",true,"60 ft","Permanent","Raises any living creature; humans and demi-humans return fully healed and ready to act.","special",["resurrection,healing,reversible"],"Full resurrection; reverse obliterates living targets like the spell affects undead.",true,true,1,true,"13","60 ft","Permanent","Raises any living creature; humans and demi-humans return fully healed and ready to act.","special",["resurrection,healing,reversible"],"",""
"faerie-fire","Faerie Fire","Druid",1,"Companion","14",false,"",true,"60 ft","1 round per level","Outlines detected creatures or objects with harmless green fire; attacks against them gain +2 to hit.","none",["detection,combat,light"],"Outlines targets and makes them easier to hit.",true,true,1,true,"14","60 ft","1 round per level","Outlines detected creatures or objects with harmless green fire; attacks against them gain +2 to hit.","none",["detection,combat,light"],"",""
"locate","Locate","Druid",1,"Companion","15",false,"",true,"0","6 turns","Caster senses direction of one known animal, plant, or natural outdoor object within range.","none",["detection,nature"],"Nature-focused locate effect.",true,true,1,true,"15","0","6 turns","Caster senses direction of one known animal, plant, or natural outdoor object within range.","none",["detection,nature"],"",""
"predict-weather","Predict Weather","Druid",1,"Companion","15",false,"",true,"0","12 hours","Caster accurately predicts natural weather in the local area for the next 12 hours.","none",["weather,utility"],"Predicts upcoming natural weather.",true,true,1,true,"15","0","12 hours","Caster accurately predicts natural weather in the local area for the next 12 hours.","none",["weather,utility"],"",""
"obscure","Obscure","Druid",2,"Companion","15",false,"",true,"0","1 turn per level","Creates a misty cloud around the druid, heavily obscuring sight in a 10 ft radius per level.","none",["weather,concealment"],"Creates fog-like concealment around caster.",true,true,1,true,"15","0","1 turn per level","Creates a misty cloud around the druid, heavily obscuring sight in a 10 ft radius per level.","none",["weather,concealment"],"",""
"produce-fire","Produce Fire","Druid",2,"Companion","15",false,"",true,"0","2 turns per level","Creates a magical flame in the druid's hand that can ignite objects or be thrown.","none",["fire,damage,utility"],"Creates controllable magical fire.",true,true,1,true,"15","0","2 turns per level","Creates a magical flame in the druid's hand that can ignite objects or be thrown.","none",["fire,damage,utility"],"",""
"warp-wood","Warp Wood","Druid",2,"Companion","15",false,"",true,"240 ft","Permanent","Bends and warps wooden weapons, doors, or objects, often making them useless.","none",["wood,control"],"Warps wooden objects out of shape.",true,true,1,true,"15","240 ft","Permanent","Bends and warps wooden weapons, doors, or objects, often making them useless.","none",["wood,control"],"",""
"call-lightning","Call Lightning","Druid",3,"Companion","15",false,"",true,"360 ft","1 turn per level","Calls lightning bolts from stormy skies; each bolt deals heavy electrical damage in an area.","spells half",["lightning,damage,weather"],"Calls lightning during a storm.",true,true,1,true,"15","360 ft","1 turn per level","Calls lightning bolts from stormy skies; each bolt deals heavy electrical damage in an area.","spells half",["lightning,damage,weather"],"",""
"hold-animal","Hold Animal","Druid",3,"Companion","15",false,"",true,"180 ft","1 turn per level","Paralyzes normal or giant animals of animal intelligence within range.","spells negates",["animals,paralysis"],"Holds animal targets immobile.",true,true,1,true,"15","180 ft","1 turn per level","Paralyzes normal or giant animals of animal intelligence within range.","spells negates",["animals,paralysis"],"",""
"water-breathing","Water Breathing","Druid",3,"Companion","15",false,"",true,"30 ft","1 day","Allows one air-breathing creature to breathe water; reverse lets water-breathers breathe air.","none",["water,breathing,utility"],"Allows breathing in water.",true,true,1,true,"15","30 ft","1 day","Allows one air-breathing creature to breathe water; reverse lets water-breathers breathe air.","none",["water,breathing,utility"],"",""
"control-temperature-10-radius","Control Temperature 10' Radius","Druid",4,"Companion","15",false,"",true,"0","1 turn per level","Changes temperature within 10 ft of the caster to extreme heat or cold.","none",["weather,environment"],"Controls local temperature around caster.",true,true,1,true,"15","0","1 turn per level","Changes temperature within 10 ft of the caster to extreme heat or cold.","none",["weather,environment"],"",""
"protection-from-lightning","Protection from Lightning","Druid",4,"Companion","15",false,"",true,"Touch","1 turn per level","Protects one creature from lightning damage, including natural and magical lightning.","none",["lightning,protection"],"Grants lightning protection.",true,true,1,true,"15","Touch","1 turn per level","Protects one creature from lightning damage, including natural and magical lightning.","none",["lightning,protection"],"",""
"anti-plant-shell","Anti-Plant Shell","Druid",5,"Companion","16",false,"",true,"0","1 round per level","Personal invisible barrier blocks attacks from plants and plant-like monsters.","none",["plants,protection,barrier"],"Blocks plant attacks around caster.",true,true,1,true,"16","0","1 round per level","Personal invisible barrier blocks attacks from plants and plant-like monsters.","none",["plants,protection,barrier"],"",""
"control-winds","Control Winds","Druid",5,"Companion","16",false,"",true,"10 ft radius per level","1 turn per level","Calms or increases winds within range; can affect air creatures with proper control.","spells negates for air creatures",["weather,air,control"],"Controls wind strength around caster.",true,true,1,true,"16","10 ft radius per level","1 turn per level","Calms or increases winds within range; can affect air creatures with proper control.","spells negates for air creatures",["weather,air,control"],"",""
"charm-person","Charm Person","Magic-User",1,"Basic","40",false,"",true,"120 ft","Special","Charms one humanoid as a trusted friend; repeat saves based on Intelligence.","spells negates",["charm,control"],"Makes a humanoid friendly unless save succeeds.",true,true,1,true,"40","120 ft","Special","Charms one humanoid as a trusted friend; repeat saves based on Intelligence.","spells negates",["charm,control"],"",""
"detect-magic","Detect Magic","Magic-User",1,"Basic","40",false,"",true,"0","2 turns","Magic within 60 ft glows to the caster.","none",["detection,magic"],"Caster sees magical auras nearby.",true,true,1,true,"40","0","2 turns","Magic within 60 ft glows to the caster.","none",["detection,magic"],"",""
"floating-disc","Floating Disc","Magic-User",1,"Basic","40",false,"",true,"0","6 turns","Creates floating disc carrying up to 5,000 cn, following caster.","none",["utility,transport"],"Creates a hovering carrier for treasure or gear.",true,true,1,true,"40","0","6 turns","Creates floating disc carrying up to 5,000 cn, following caster.","none",["utility,transport"],"",""
"hold-portal","Hold Portal","Magic-User",1,"Basic","40",false,"",true,"10 ft","2-12 turns","Magically holds one door, gate, or similar portal shut.","none",["control,door"],"Holds a portal closed unless forced or magically opened.",true,true,1,true,"40","10 ft","2-12 turns","Magically holds one door, gate, or similar portal shut.","none",["control,door"],"",""
"light","Light","Magic-User",1,"Basic","40",true,"Darkness",true,"120 ft","6 turns + caster level","Creates 30 ft diameter light; can blind if targeted.","spells negates blindness",["light,reversible"],"Creates light; reverse creates darkness.",true,true,1,true,"40","120 ft","6 turns + caster level","Creates 30 ft diameter light; can blind if targeted.","spells negates blindness",["light,reversible"],"",""
"magic-missile","Magic Missile","Magic-User",1,"Basic","40",false,"",true,"150 ft","1 round","Creates unerring magical missile(s) dealing 1d6+1 damage each.","none",["damage,force"],"Automatically hits visible target within range.",true,true,1,true,"40","150 ft","1 round","Creates unerring magical missile(s) dealing 1d6+1 damage each.","none",["damage,force"],"",""
"protection-from-evil","Protection from Evil","Magic-User",1,"Basic","40",false,"",true,"0","6 turns","Caster gains attacks -1, saves +1, and enchanted creatures are blocked.","none",["protection"],"Protects caster from hostile and enchanted melee attacks.",true,true,1,true,"40","0","6 turns","Caster gains attacks -1, saves +1, and enchanted creatures are blocked.","none",["protection"],"",""
"read-languages","Read Languages","Magic-User",1,"Basic","40",false,"",true,"0","2 turns","Caster reads unknown languages, codes, maps, and inscriptions.","none",["utility,language"],"Translates written language but not magical writing.",true,true,1,true,"40","0","2 turns","Caster reads unknown languages, codes, maps, and inscriptions.","none",["utility,language"],"",""
"read-magic","Read Magic","Magic-User",1,"Basic","40",false,"",true,"0","1 turn","Caster reads magical writing and scrolls.","none",["utility,magic"],"Allows reading spell books, scrolls, and magical inscriptions.",true,true,1,true,"40","0","1 turn","Caster reads magical writing and scrolls.","none",["utility,magic"],"",""
"shield","Shield","Magic-User",1,"Basic","40",false,"",true,"0","2 turns","Invisible barrier improves AC and blocks magic missiles.","none",["protection"],"Defensive shield protects caster, especially from missiles.",true,true,1,true,"40","0","2 turns","Invisible barrier improves AC and blocks magic missiles.","none",["protection"],"",""
"sleep","Sleep","Magic-User",1,"Basic","40",false,"",true,"240 ft","4-16 turns","Puts 2d8 HD of creatures to sleep, usually affecting weakest first.","none",["sleep,control"],"Drops low-HD enemies asleep; no save.",true,true,1,true,"40","240 ft","4-16 turns","Puts 2d8 HD of creatures to sleep, usually affecting weakest first.","none",["sleep,control"],"",""
"ventriloquism","Ventriloquism","Magic-User",1,"Basic","40",false,"",true,"60 ft","2 turns","Caster makes voice or sound appear to come from elsewhere.","none",["illusion,sound"],"Throws the caster’s voice to mislead listeners.",true,true,1,true,"40","60 ft","2 turns","Caster makes voice or sound appear to come from elsewhere.","none",["illusion,sound"],"",""
"continual-light","Continual Light","Magic-User",2,"Basic","41",true,"Continual Darkness",true,"120 ft","Permanent","Creates daylight-bright 60 ft sphere; can blind if targeted.","spells negates blindness",["light,reversible"],"Permanent light; reverse creates continual darkness.",true,true,1,true,"41","120 ft","Permanent","Creates daylight-bright 60 ft sphere; can blind if targeted.","spells negates blindness",["light,reversible"],"",""
"detect-evil","Detect Evil","Magic-User",2,"Basic","41",false,"",true,"60 ft","2 turns","Detects evil intentions or evil-enchanted objects.","none",["detection,evil"],"Reveals evil intent or magic, not traps or poison.",true,true,1,true,"41","60 ft","2 turns","Detects evil intentions or evil-enchanted objects.","none",["detection,evil"],"",""
"detect-invisible","Detect Invisible","Magic-User",2,"Basic","41",false,"",true,"10 ft per level","6 turns","Caster can see invisible creatures and objects within range.","none",["detection,invisibility"],"Reveals invisible things to caster.",true,true,1,true,"41","10 ft per level","6 turns","Caster can see invisible creatures and objects within range.","none",["detection,invisibility"],"",""
"esp","ESP","Magic-User",2,"Basic","41",false,"",true,"60 ft","12 turns","Caster reads surface thoughts in one direction through some barriers.","spells negates",["detection,mind"],"Reads thoughts of creatures in range and direction.",true,true,1,true,"41","60 ft","12 turns","Caster reads surface thoughts in one direction through some barriers.","spells negates",["detection,mind"],"",""
"invisibility","Invisibility","Magic-User",2,"Basic","41",false,"",true,"240 ft","Permanent until broken","One creature or object becomes invisible until attacking/casting or dispelled.","none",["invisibility"],"Makes target invisible until it takes hostile action.",true,true,1,true,"41","240 ft","Permanent until broken","One creature or object becomes invisible until attacking/casting or dispelled.","none",["invisibility"],"",""
"knock","Knock","Magic-User",2,"Basic","41",false,"",true,"60 ft","Instant","Opens stuck, locked, barred, or magically held portals.","none",["utility,door"],"Opens locked or held doors and similar closures.",true,true,1,true,"41","60 ft","Instant","Opens stuck, locked, barred, or magically held portals.","none",["utility,door"],"",""
"levitate","Levitate","Magic-User",2,"Basic","41",false,"",true,"0","6 turns + caster level","Caster moves up or down vertically by mental control.","none",["movement"],"Allows vertical movement but not horizontal flight.",true,true,1,true,"41","0","6 turns + caster level","Caster moves up or down vertically by mental control.","none",["movement"],"",""
"locate-object","Locate Object","Magic-User",2,"Basic","41",false,"",true,"0","2 turns","Caster senses direction of a known object within 60 ft + 10 ft/level.","none",["detection,utility"],"Detects direction of a familiar object.",true,true,1,true,"41","0","2 turns","Caster senses direction of a known object within 60 ft + 10 ft/level.","none",["detection,utility"],"",""
"mirror-image","Mirror Image","Magic-User",2,"Basic","41",false,"",true,"0","6 turns","Creates 1d4 illusory duplicates that may absorb attacks.","none",["illusion,defense"],"Creates duplicate images to confuse attackers.",true,true,1,true,"41","0","6 turns","Creates 1d4 illusory duplicates that may absorb attacks.","none",["illusion,defense"],"",""
"phantasmal-force","Phantasmal Force","Magic-User",2,"Basic","41",false,"",true,"240 ft","Concentration","Creates a visual illusion in a 20 ft cube.","spells disbelief",["illusion"],"Creates an illusion sustained by concentration.",true,true,1,true,"41","240 ft","Concentration","Creates a visual illusion in a 20 ft cube.","spells disbelief",["illusion"],"",""
"web","Web","Magic-User",2,"Basic","41",false,"",true,"10 ft","48 turns","Fills up to 10x10x10 ft with sticky webs, entangling creatures.","special",["control,web"],"Entangles creatures; fire can burn webs away.",true,true,1,true,"41","10 ft","48 turns","Fills up to 10x10x10 ft with sticky webs, entangling creatures.","special",["control,web"],"",""
"wizard-lock","Wizard Lock","Magic-User",2,"Basic","41",false,"",true,"10 ft","Permanent","Magically locks a portal; higher-level casters may bypass.","none",["door,magic"],"Long-term magical lock on door or portal.",true,true,1,true,"41","10 ft","Permanent","Magically locks a portal; higher-level casters may bypass.","none",["door,magic"],"",""
"clairvoyance","Clairvoyance","Magic-User",3,"Expert","11",false,"",true,"60 ft","12 turns","See through the eyes of one creature in range.","none",["detection,scrying"],"Remote sight through another creature.",true,true,1,true,"11","60 ft","12 turns","See through the eyes of one creature in range.","none",["detection,scrying"],"",""
"dispel-magic","Dispel Magic","Magic-User",3,"Expert","11",false,"",true,"120 ft","Permanent","Ends spell effects in 20 ft cube; higher-level effects may resist.","special",["dispel,magic"],"Removes active spell effects, not magic items.",true,true,1,true,"11","120 ft","Permanent","Ends spell effects in 20 ft cube; higher-level effects may resist.","special",["dispel,magic"],"",""
"fire-ball","Fire Ball","Magic-User",3,"Expert","11",false,"",true,"240 ft","Instant","20 ft radius explosion deals 1d6 fire damage per caster level.","spells half",["damage,fire,area"],"Area fire blast; capped by caster level rules.",true,true,1,true,"11","240 ft","Instant","20 ft radius explosion deals 1d6 fire damage per caster level.","spells half",["damage,fire,area"],"",""
"fly","Fly","Magic-User",3,"Expert","11",false,"",true,"Touch","1d6 turns + level","Target flies at 360 ft/turn with concentration.","none",["movement,flight"],"Grants controlled flight for variable duration.",true,true,1,true,"11","Touch","1d6 turns + level","Target flies at 360 ft/turn with concentration.","none",["movement,flight"],"",""
"haste","Haste","Magic-User",3,"Expert","11",true,"Slow",true,"240 ft","3 turns","Up to 24 creatures move and attack at double speed.","none",["buff,movement"],"Speeds allies; multiple haste effects do not stack.",true,true,1,true,"11","240 ft","3 turns","Up to 24 creatures move and attack at double speed.","none",["buff,movement"],"",""
"hold-person","Hold Person","Magic-User",3,"Expert","11",false,"",true,"120 ft","1 turn/level","Paralyzes up to 4 humanoids; single target saves at -2.","spells negates",["paralysis,control"],"Paralyzes humanoids like cleric spell.",true,true,1,true,"11","120 ft","1 turn/level","Paralyzes up to 4 humanoids; single target saves at -2.","spells negates",["paralysis,control"],"",""
"infravision","Infravision","Magic-User",3,"Expert","11",false,"",true,"Touch","1 day","Gives 60 ft infravision.","none",["vision"],"Grants heat-sight in darkness.",true,true,1,true,"11","Touch","1 day","Gives 60 ft infravision.","none",["vision"],"",""
"invisibility-10-radius","Invisibility 10' Radius","Magic-User",3,"Expert","12",false,"",true,"120 ft","Permanent until broken","All within 10 ft of target become invisible until attacking/casting or leaving area.","none",["invisibility,area"],"Group invisibility centered on target.",true,true,1,true,"12","120 ft","Permanent until broken","All within 10 ft of target become invisible until attacking/casting or leaving area.","none",["invisibility,area"],"",""
"lightning-bolt","Lightning Bolt","Magic-User",3,"Expert","12",false,"",true,"180 ft","Instant","Bolt deals 1d6 lightning damage per caster level, bouncing off barriers.","spells half",["damage,lightning,area"],"Line attack with rebound risk.",true,true,1,true,"12","180 ft","Instant","Bolt deals 1d6 lightning damage per caster level, bouncing off barriers.","spells half",["damage,lightning,area"],"",""
"protection-from-evil-10-radius","Protection from Evil 10' Radius","Magic-User",3,"Expert","12",false,"",true,"0","12 turns","20 ft diameter protection from evil around caster.","none",["protection,area"],"Area protective barrier against evil/enchanted attacks.",true,true,1,true,"12","0","12 turns","20 ft diameter protection from evil around caster.","none",["protection,area"],"",""
"protection-from-normal-missiles","Protection from Normal Missiles","Magic-User",3,"Expert","12",false,"",true,"30 ft","12 turns","One target is immune to small nonmagical missiles.","none",["protection,missiles"],"Blocks normal arrows, bolts, and similar missiles.",true,true,1,true,"12","30 ft","12 turns","One target is immune to small nonmagical missiles.","none",["protection,missiles"],"",""
"water-breathing","Water Breathing","Magic-User",3,"Expert","12",false,"",true,"30 ft","1 day","One target can breathe underwater.","none",["water,movement"],"Allows underwater breathing for a day.",true,true,1,true,"12","30 ft","1 day","One target can breathe underwater.","none",["water,movement"],"",""
"charm-monster","Charm Monster","Magic-User",4,"Expert","13",false,"",true,"120 ft","Special","Charms one or more living creatures as friends.","spells negates",["charm,control"],"Like charm person but works on monsters.",true,true,1,true,"13","120 ft","Special","Charms one or more living creatures as friends.","spells negates",["charm,control"],"",""
"confusion","Confusion","Magic-User",4,"Expert","13",false,"",true,"120 ft","12 rounds","Confuses creatures in 60 ft area, causing random actions.","spells negates",["control,mind"],"Area mental confusion.",true,true,1,true,"13","120 ft","12 rounds","Confuses creatures in 60 ft area, causing random actions.","spells negates",["control,mind"],"",""
"dimension-door","Dimension Door","Magic-User",4,"Expert","13",false,"",true,"10 ft","Instant","Teleports caster or one target up to 360 ft.","none",["teleport,movement"],"Short-range teleport without error.",true,true,1,true,"13","10 ft","Instant","Teleports caster or one target up to 360 ft.","none",["teleport,movement"],"",""
"growth-of-plants","Growth of Plants","Magic-User",4,"Expert","13",false,"",true,"120 ft","Permanent until dispelled","Thickens vegetation into an impassable barrier.","none",["plants,control"],"Turns plants into dense obstacle.",true,true,1,true,"13","120 ft","Permanent until dispelled","Thickens vegetation into an impassable barrier.","none",["plants,control"],"",""
"hallucinatory-terrain","Hallucinatory Terrain","Magic-User",4,"Expert","13",false,"",true,"240 ft","Until touched/dispelled","Creates terrain illusion over outdoor area.","none",["illusion,terrain"],"Makes terrain appear different.",true,true,1,true,"13","240 ft","Until touched/dispelled","Creates terrain illusion over outdoor area.","none",["illusion,terrain"],"",""
"massmorph","Massmorph","Magic-User",4,"Expert","14",false,"",true,"240 ft","Until dispelled","Makes up to 100 creatures look like trees/woods.","none",["illusion,plants"],"Camouflages a group as woodland.",true,true,1,true,"14","240 ft","Until dispelled","Makes up to 100 creatures look like trees/woods.","none",["illusion,plants"],"",""
"polymorph-other","Polymorph Other","Magic-User",4,"Expert","14",false,"",true,"60 ft","Permanent until dispelled","Changes one creature into another form.","spells negates",["polymorph,control"],"Transforms a target creature.",true,true,1,true,"14","60 ft","Permanent until dispelled","Changes one creature into another form.","spells negates",["polymorph,control"],"",""
"polymorph-self","Polymorph Self","Magic-User",4,"Expert","14",false,"",true,"0","6 turns + level","Caster assumes another form with movement but not special attacks.","none",["polymorph,movement"],"Caster shapeshifts temporarily.",true,true,1,true,"14","0","6 turns + level","Caster assumes another form with movement but not special attacks.","none",["polymorph,movement"],"",""
"remove-curse","Remove Curse","Magic-User",4,"Expert","14",true,"Curse",true,"Touch","Permanent","Removes a curse; reverse bestows curse.","none",["curse,reversible"],"Removes magical curse or cursed item bond.",true,true,1,true,"14","Touch","Permanent","Removes a curse; reverse bestows curse.","none",["curse,reversible"],"",""
"wall-of-fire","Wall of Fire","Magic-User",4,"Expert","14",false,"",true,"60 ft","Concentration","Creates fiery wall damaging creatures passing through.","none",["fire,wall,damage"],"Fire barrier, especially strong vs cold creatures.",true,true,1,true,"14","60 ft","Concentration","Creates fiery wall damaging creatures passing through.","none",["fire,wall,damage"],"",""
"wall-of-ice","Wall of Ice","Magic-User",4,"Expert","14",false,"",true,"120 ft","12 turns","Creates wall or hemisphere of ice.","none",["ice,wall,control"],"Creates solid ice barrier.",true,true,1,true,"14","120 ft","12 turns","Creates wall or hemisphere of ice.","none",["ice,wall,control"],"",""
"wizard-eye","Wizard Eye","Magic-User",4,"Expert","14",false,"",true,"240 ft","6 turns","Invisible magical eye scouts under caster control.","none",["scrying,detection"],"Remote scouting sensor.",true,true,1,true,"14","240 ft","6 turns","Invisible magical eye scouts under caster control.","none",["scrying,detection"],"",""
"animate-dead","Animate Dead","Magic-User",5,"Expert","15",false,"",true,"60 ft","Permanent","Creates skeletons or zombies from remains.","none",["undead,creation"],"Animates undead servants.",true,true,1,true,"15","60 ft","Permanent","Creates skeletons or zombies from remains.","none",["undead,creation"],"",""
"cloudkill","Cloudkill","Magic-User",5,"Expert","15",false,"",true,"1 ft","6 turns","Creates moving poisonous cloud killing weak creatures.","poison special",["poison,area,death"],"Poison cloud deadly to low-HD creatures.",true,true,1,true,"15","1 ft","6 turns","Creates moving poisonous cloud killing weak creatures.","poison special",["poison,area,death"],"",""
"conjure-elemental","Conjure Elemental","Magic-User",5,"Expert","15",false,"",true,"240 ft","Concentration","Summons and controls one 16 HD elemental.","none",["summoning,elemental"],"Summons elemental; loss of concentration is dangerous.",true,true,1,true,"15","240 ft","Concentration","Summons and controls one 16 HD elemental.","none",["summoning,elemental"],"",""
"feeblemind","Feeblemind","Magic-User",5,"Expert","15",false,"",true,"240 ft","Permanent until dispelled","Reduces spellcaster intelligence to near animal level.","spells negates",["mind,control"],"Disables enemy spellcasters.",true,true,1,true,"15","240 ft","Permanent until dispelled","Reduces spellcaster intelligence to near animal level.","spells negates",["mind,control"],"",""
"hold-monster","Hold Monster","Magic-User",5,"Expert","16",false,"",true,"120 ft","6 turns + level","Paralyzes up to 4 creatures; single target saves at -2.","spells negates",["paralysis,control"],"Hold person for monsters.",true,true,1,true,"16","120 ft","6 turns + level","Paralyzes up to 4 creatures; single target saves at -2.","spells negates",["paralysis,control"],"",""
"magic-jar","Magic Jar","Magic-User",5,"Expert","16",false,"",true,"30 ft","Special","Caster’s life force inhabits a container and may possess bodies.","spells negates possession",["possession,magic"],"Body-swapping possession through a jar focus.",true,true,1,true,"16","30 ft","Special","Caster’s life force inhabits a container and may possess bodies.","spells negates possession",["possession,magic"],"",""
"pass-wall","Pass-Wall","Magic-User",5,"Expert","16",false,"",true,"30 ft","3 turns","Creates passage through solid rock or wall.","none",["movement,earth"],"Opens temporary tunnel through barrier.",true,true,1,true,"16","30 ft","3 turns","Creates passage through solid rock or wall.","none",["movement,earth"],"",""
"telekinesis","Telekinesis","Magic-User",5,"Expert","16",false,"",true,"120 ft","6 rounds","Moves objects by mental force up to caster weight limit.","none",["movement,force"],"Moves objects at range by concentration.",true,true,1,true,"16","120 ft","6 rounds","Moves objects by mental force up to caster weight limit.","none",["movement,force"],"",""
"teleport","Teleport","Magic-User",5,"Expert","16",false,"",true,"10 ft","Instant","Teleports one creature/object to known destination, with error risk.","none",["teleport,movement"],"Long-distance teleport based on familiarity.",true,true,1,true,"16","10 ft","Instant","Teleports one creature/object to known destination, with error risk.","none",["teleport,movement"],"",""
"anti-magic-shell","Anti-Magic Shell","Magic-User",6,"Expert","17",false,"",true,"0","12 turns","Creates barrier around caster blocking magic in or out.","none",["protection,anti-magic"],"Caster is insulated from magic but cannot cast through shell.",true,true,1,true,"17","0","12 turns","Creates barrier around caster blocking magic in or out.","none",["protection,anti-magic"],"",""
"death-spell","Death Spell","Magic-User",6,"Expert","17",false,"",true,"240 ft","Instant","Kills 4d8 HD of living creatures in 60 ft cube.","none",["death,area"],"Slays groups of weaker living creatures.",true,true,1,true,"17","240 ft","Instant","Kills 4d8 HD of living creatures in 60 ft cube.","none",["death,area"],"",""
"disintegrate","Disintegrate","Magic-User",6,"Expert","17",false,"",true,"60 ft","Instant","Disintegrates one creature or nonmagical object.","death ray negates",["damage,destruction"],"Destroys target if save fails.",true,true,1,true,"17","60 ft","Instant","Disintegrates one creature or nonmagical object.","death ray negates",["damage,destruction"],"",""
"geas","Geas","Magic-User",6,"Expert","17",false,"",true,"30 ft","Until fulfilled","Compels a creature to perform a task or suffer penalties.","none",["control,quest"],"Magical command binding target to a task.",true,true,1,true,"17","30 ft","Until fulfilled","Compels a creature to perform a task or suffer penalties.","none",["control,quest"],"",""
"invisible-stalker","Invisible Stalker","Magic-User",6,"Expert","18",false,"",true,"0","Until mission complete","Summons invisible stalker to perform a task.","none",["summoning,air"],"Invisible servant hunts or retrieves as commanded.",true,true,1,true,"18","0","Until mission complete","Summons invisible stalker to perform a task.","none",["summoning,air"],"",""
"lower-water","Lower Water","Magic-User",6,"Expert","18",false,"",true,"240 ft","10 turns","Lowers water level in a large area.","none",["water,terrain"],"Creates passage through or reduces water.",true,true,1,true,"18","240 ft","10 turns","Lowers water level in a large area.","none",["water,terrain"],"",""
"move-earth","Move Earth","Magic-User",6,"Expert","18",false,"",true,"240 ft","6 turns","Moves soil terrain slowly, reshaping earth.","none",["earth,terrain"],"Large-scale earthmoving, not stone.",true,true,1,true,"18","240 ft","6 turns","Moves soil terrain slowly, reshaping earth.","none",["earth,terrain"],"",""
"part-water","Part Water","Magic-User",6,"Expert","18",false,"",true,"120 ft","6 turns","Parts water to create dry path.","none",["water,terrain"],"Opens a passage through water.",true,true,1,true,"18","120 ft","6 turns","Parts water to create dry path.","none",["water,terrain"],"",""
"projected-image","Projected Image","Magic-User",6,"Expert","18",false,"",true,"240 ft","6 turns","Creates image through which caster can cast spells.","none",["illusion,scrying"],"Remote image acts as spellcasting origin.",true,true,1,true,"18","240 ft","6 turns","Creates image through which caster can cast spells.","none",["illusion,scrying"],"",""
"reincarnation","Reincarnation","Magic-User",6,"Expert","18",false,"",true,"10 ft","Permanent","Returns dead character as a new body/creature.","none",["resurrection,polymorph"],"Restores life in a new form.",true,true,1,true,"18","10 ft","Permanent","Returns dead character as a new body/creature.","none",["resurrection,polymorph"],"",""
"stone-to-flesh","Stone to Flesh","Magic-User",6,"Expert","18",false,"",true,"120 ft","Permanent","Restores petrified creature; reverse turns flesh to stone.","spells negates reverse",["petrification,reversible"],"Reverses petrification; reverse petrifies a target.",true,true,1,true,"18","120 ft","Permanent","Restores petrified creature; reverse turns flesh to stone.","spells negates reverse",["petrification,reversible"],"",""
"delayed-blast-fire-ball","Delayed Blast Fire Ball","Magic-User",7,"Companion","22",false,"",true,"240 ft","0 to 60 rounds delay","Creates a delayed fire ball that explodes after a chosen delay, dealing up to 20d6 fire damage.","spells half",["fire,damage,area"],"Fire ball with chosen detonation delay.",true,true,1,true,"22","240 ft","0 to 60 rounds delay","Creates a delayed fire ball that explodes after a chosen delay, dealing up to 20d6 fire damage.","spells half",["fire,damage,area"],"",""
"magic-door","Magic Door","Magic-User",7,"Companion","22",false,"",true,"10 ft","7 uses","Creates an invisible magical passage through up to 10 ft of nonliving material; reverse creates magic lock.","none",["movement,barrier,reversible"],"Creates secret passage; reverse locks portal.",true,true,1,true,"22","10 ft","7 uses","Creates an invisible magical passage through up to 10 ft of nonliving material; reverse creates magic lock.","none",["movement,barrier,reversible"],"",""
"mass-invisibility","Mass Invisibility","Magic-User",7,"Companion","22",false,"",true,"240 ft","Permanent until broken","Makes many creatures or objects invisible within a 60 ft square area; reverse reveals invisibility.","none",["illusion,invisibility,reversible"],"Grants invisibility to many targets.",true,true,1,true,"22","240 ft","Permanent until broken","Makes many creatures or objects invisible within a 60 ft square area; reverse reveals invisibility.","none",["illusion,invisibility,reversible"],"",""
"power-word-stun","Power Word Stun","Magic-User",7,"Companion","22",false,"",true,"120 ft","2-12 or 1-6 rounds","Stuns one creature with 70 hp or fewer; lower hp targets are stunned longer.","none",["power-word,stun"],"Stuns a low-hit-point target without save.",true,true,1,true,"22","120 ft","2-12 or 1-6 rounds","Stuns one creature with 70 hp or fewer; lower hp targets are stunned longer.","none",["power-word,stun"],"",""
"reverse-gravity","Reverse Gravity","Magic-User",7,"Companion","22",false,"",true,"90 ft","1/5 round","Causes creatures and objects in a 30 ft cube to fall upward, then fall back when gravity returns.","none",["gravity,damage,control"],"Briefly reverses gravity in an area.",true,true,1,true,"22","90 ft","1/5 round","Causes creatures and objects in a 30 ft cube to fall upward, then fall back when gravity returns.","none",["gravity,damage,control"],"",""
"mass-charm","Mass Charm","Magic-User",8,"Companion","24",false,"",true,"120 ft","Special","Charms multiple creatures with total levels or Hit Dice based on caster level; reverse removes charm.","spells negates",["charm,enchantment,reversible"],"Charms many creatures at once.",true,true,1,true,"24","120 ft","Special","Charms multiple creatures with total levels or Hit Dice based on caster level; reverse removes charm.","spells negates",["charm,enchantment,reversible"],"",""
"symbol","Symbol","Magic-User",8,"Companion","25",false,"",true,"Touch","Permanent until triggered","Creates a magical rune with one chosen effect triggered by reading, touching, or passing.","special",["rune,trap,magic"],"Creates triggered magical symbol.",true,true,1,true,"25","Touch","Permanent until triggered","Creates a magical rune with one chosen effect triggered by reading, touching, or passing.","special",["rune,trap,magic"],"",""
"meteor-swarm","Meteor Swarm","Magic-User",9,"Companion","26",false,"",true,"240 ft","Instantaneous","Creates four or eight fiery meteors that explode for heavy fire damage in selected areas.","spells half",["fire,damage,area"],"Creates multiple explosive meteors.",true,true,1,true,"26","240 ft","Instantaneous","Creates four or eight fiery meteors that explode for heavy fire damage in selected areas.","spells half",["fire,damage,area"],"",""
"power-word-kill","Power Word Kill","Magic-User",9,"Companion","26",false,"",true,"120 ft","Instantaneous","Kills one or more creatures within hit point limits; no saving throw.","none",["power-word,death"],"Kills low-hit-point targets without save.",true,true,1,true,"26","120 ft","Instantaneous","Kills one or more creatures within hit point limits; no saving throw.","none",["power-word,death"],"",""
"cureall","Cureall","Cleric",6,"Companion","13",false,"",true,"Touch","Permanent","Cures one major affliction or nearly all damage, leaving only 1-6 damage remaining.","none",["healing,restoration"],"Cures one condition or nearly all wounds.",true,true,1,true,"13","Touch","Permanent","Cures one major affliction or nearly all damage, leaving only 1-6 damage remaining.","none",["healing,restoration"],"",""
"plant-door","Plant Door","Druid",4,"Companion","15",false,"",true,"0","1 turn per level","Allows the druid to pass through trees and dense plant growth as if through a doorway.","none",["plants,movement"],"Moves through plant matter.",true,true,1,true,"15","0","1 turn per level","Allows the druid to pass through trees and dense plant growth as if through a doorway.","none",["plants,movement"],"",""
"pass-plant","Pass Plant","Druid",5,"Companion","16",false,"",true,"0","Instantaneous","Short-range teleportation from one tree into another tree of the same type.","none",["plants,teleportation,movement"],"Tree-to-tree teleport.",true,true,1,true,"16","0","Instantaneous","Short-range teleportation from one tree into another tree of the same type.","none",["plants,teleportation,movement"],"",""
"anti-animal-shell","Anti-Animal Shell","Druid",6,"Companion","16",false,"",true,"0","1 turn per level","Personal invisible barrier blocks attacks from normal and giant animals and animal-intelligence creatures.","none",["animals,protection,barrier"],"Blocks animal attacks around caster.",true,true,1,true,"16","0","1 turn per level","Personal invisible barrier blocks attacks from normal and giant animals and animal-intelligence creatures.","none",["animals,protection,barrier"],"",""
"transport-through-plants","Transport Through Plants","Druid",6,"Companion","16",false,"",true,"Infinite","Instantaneous","Long-range plant teleport; druid enters one living plant and exits another on the same plane.","none",["plants,teleportation,movement"],"Long-range travel through living plants.",true,true,1,true,"16","Infinite","Instantaneous","Long-range plant teleport; druid enters one living plant and exits another on the same plane.","none",["plants,teleportation,movement"],"",""
"summon-weather","Summon Weather","Druid",6,"Companion","16",false,"",true,"5 miles or more","6 turns per level","Summons weather appropriate to the climate and season over a broad area.","none",["weather,summoning"],"Calls appropriate natural weather.",true,true,1,true,"16","5 miles or more","6 turns per level","Summons weather appropriate to the climate and season over a broad area.","none",["weather,summoning"],"",""
"creeping-doom","Creeping Doom","Druid",7,"Companion","16",false,"",true,"120 ft","1 round per level","Summons a swarm of insects that moves as directed and deals damage to creatures it engulfs.","none",["insects,damage,summoning"],"Summons deadly insect swarm.",true,true,1,true,"16","120 ft","1 round per level","Summons a swarm of insects that moves as directed and deals damage to creatures it engulfs.","none",["insects,damage,summoning"],"",""
"metal-to-wood","Metal to Wood","Druid",7,"Companion","16",false,"",true,"120 ft","Permanent","Transforms metal items in the area into wood, affecting weapons, armor, and gear.","none",["transmutation,wood,metal"],"Turns metal objects into wood.",true,true,1,true,"16","120 ft","Permanent","Transforms metal items in the area into wood, affecting weapons, armor, and gear.","none",["transmutation,wood,metal"],"",""
"weather-control","Weather Control","Druid",7,"Companion","16",false,"",true,"0","Concentration","Allows the druid to choose and control local outdoor weather while concentrating.","none",["weather,control"],"Controls outdoor weather.",true,true,1,true,"16","0","Concentration","Allows the druid to choose and control local outdoor weather while concentrating.","none",["weather,control"],"",""
"contact-outer-plane","Contact Outer Plane","Magic-User",5,"Companion","20",false,"",true,"0","See spell","Contact an Outer Plane Immortal to ask 3-12 questions, risking insanity for better knowledge.","special",["divination,planar"],"Ask questions of an Immortal with risk of insanity.",true,true,1,true,"20","0","See spell","Contact an Outer Plane Immortal to ask 3-12 questions, risking insanity for better knowledge.","special",["divination,planar"],"",""
"dissolve","Dissolve","Magic-User",5,"Companion","20",false,"",true,"120 ft","3-18 days","Turns up to 3,000 square ft of rock or soil into mud; reverse hardens mud to rock permanently.","spells avoids reverse trapping",["earth,transmutation,reversible"],"Liquefies ground into mud; reverse hardens mud.",true,true,1,true,"20","120 ft","3-18 days","Turns up to 3,000 square ft of rock or soil into mud; reverse hardens mud to rock permanently.","spells avoids reverse trapping",["earth,transmutation,reversible"],"",""
"wall-of-stone","Wall of Stone","Magic-User",5,"Companion","22",false,"",true,"60 ft","Permanent","Creates a stone wall or shape that can be used as a barrier or structure.","none",["wall,earth,creation"],"Creates permanent stone wall.",true,true,1,true,"22","60 ft","Permanent","Creates a stone wall or shape that can be used as a barrier or structure.","none",["wall,earth,creation"],"",""
"wall-of-iron","Wall of Iron","Magic-User",6,"Companion","21",false,"",true,"120 ft","Permanent","Creates a vertical iron wall that can block passage or topple to damage targets.","none",["wall,metal,creation"],"Creates permanent iron wall.",true,true,1,true,"21","120 ft","Permanent","Creates a vertical iron wall that can block passage or topple to damage targets.","none",["wall,metal,creation"],"",""
"weather-control","Weather Control","Magic-User",6,"Companion","21",false,"",true,"0","Concentration","Changes outdoor weather in a broad area while the caster concentrates.","none",["weather,control"],"Controls outdoor weather.",true,true,1,true,"21","0","Concentration","Changes outdoor weather in a broad area while the caster concentrates.","none",["weather,control"],"",""
"charm-plant","Charm Plant","Magic-User",7,"Companion","22",false,"",true,"120 ft","Permanent until dispelled","Charms plant creatures or controls ordinary plant growth in an area.","spells negates for plant creatures",["plants,charm,control"],"Controls plants or charms plant monsters.",true,true,1,true,"22","120 ft","Permanent until dispelled","Charms plant creatures or controls ordinary plant growth in an area.","spells negates for plant creatures",["plants,charm,control"],"",""
"create-normal-monsters","Create Normal Monsters","Magic-User",7,"Companion","22",false,"",true,"30 ft","1 turn","Creates normal monsters up to total Hit Dice equal to caster level; they obey commands then vanish.","none",["creation,summoning,monsters"],"Creates temporary normal monsters.",true,true,1,true,"22","30 ft","1 turn","Creates normal monsters up to total Hit Dice equal to caster level; they obey commands then vanish.","none",["creation,summoning,monsters"],"",""
"lore","Lore","Magic-User",7,"Companion","22",false,"",true,"0","Permanent","Reveals detailed knowledge about one item, place, or person, with time required varying by familiarity.","none",["divination,knowledge"],"Researches lore of an item, place, or person.",true,true,1,true,"22","0","Permanent","Reveals detailed knowledge about one item, place, or person, with time required varying by familiarity.","none",["divination,knowledge"],"",""
"statue","Statue","Magic-User",7,"Companion","23",false,"",true,"0","2 turns per level","Caster may become a stone statue and return to normal once per round during the spell.","none",["transformation,defense"],"Caster can shift into statue form.",true,true,1,true,"23","0","2 turns per level","Caster may become a stone statue and return to normal once per round during the spell.","none",["transformation,defense"],"",""
"summon-object","Summon Object","Magic-User",7,"Companion","23",false,"",true,"Infinite","Instantaneous","Summons one nonliving object from the caster's home to hand, if prepared and not blocked.","none",["summoning,utility"],"Calls a prepared object to the caster.",true,true,1,true,"23","Infinite","Instantaneous","Summons one nonliving object from the caster's home to hand, if prepared and not blocked.","none",["summoning,utility"],"",""
"sword","Sword","Magic-User",7,"Companion","23",false,"",true,"30 ft","1 round per level","Creates a magical sword of force that attacks as directed by the caster.","none",["force,damage,weapon"],"Creates floating magical attacking sword.",true,true,1,true,"23","30 ft","1 round per level","Creates a magical sword of force that attacks as directed by the caster.","none",["force,damage,weapon"],"",""
"teleport-any-object","Teleport any Object","Magic-User",7,"Companion","23",false,"",true,"Touch","Instantaneous","Teleports one object to a known destination; mishap chances apply by familiarity.","special",["teleportation,utility"],"Teleports an object.",true,true,1,true,"23","Touch","Instantaneous","Teleports one object to a known destination; mishap chances apply by familiarity.","special",["teleportation,utility"],"",""
"dance","Dance","Magic-User",8,"Companion","24",false,"",true,"Touch","3 or more rounds","Forces one touched victim to dance helplessly, losing AC and saves while unable to act.","none",["enchantment,control"],"Makes touched victim dance helplessly.",true,true,1,true,"24","Touch","3 or more rounds","Forces one touched victim to dance helplessly, losing AC and saves while unable to act.","none",["enchantment,control"],"",""
"explosive-cloud","Explosive Cloud","Magic-User",8,"Companion","24",false,"",true,"1 ft","6 turns","Creates a moving poisonous cloud that can also explode if touched by fire.","poison special",["cloud,poison,fire,damage"],"Creates deadly cloud that may explode.",true,true,1,true,"24","1 ft","6 turns","Creates a moving poisonous cloud that can also explode if touched by fire.","poison special",["cloud,poison,fire,damage"],"",""
"mind-barrier","Mind Barrier","Magic-User",8,"Companion","24",false,"",true,"0","1 hour per level","Protects caster from ESP, crystal balls, and similar mind-reading or scrying; reverse opens mind to reading.","none",["mind,protection,reversible"],"Blocks mental detection and scrying.",true,true,1,true,"24","0","1 hour per level","Protects caster from ESP, crystal balls, and similar mind-reading or scrying; reverse opens mind to reading.","none",["mind,protection,reversible"],"",""
"permanence","Permanence","Magic-User",8,"Companion","25",false,"",true,"10 ft","Permanent until dispelled","Makes certain spell effects permanent, subject to restrictions and dispel magic.","none",["metamagic,permanence"],"Makes eligible magic effects permanent.",true,true,1,true,"25","10 ft","Permanent until dispelled","Makes certain spell effects permanent, subject to restrictions and dispel magic.","none",["metamagic,permanence"],"",""
"polymorph-any-object","Polymorph any Object","Magic-User",8,"Companion","25",false,"",true,"240 ft","Variable","Changes one object or creature into another form; duration depends on similarity.","spells negates for creatures",["transformation,polymorph"],"Transforms almost any object or creature.",true,true,1,true,"25","240 ft","Variable","Changes one object or creature into another form; duration depends on similarity.","spells negates for creatures",["transformation,polymorph"],"",""
"power-word-blind","Power Word Blind","Magic-User",8,"Companion","25",false,"",true,"120 ft","1-4 days or 2-8 hours","Blinds one or more creatures with hit point limits; no saving throw.","none",["power-word,blindness"],"Blinds targets by current hit points.",true,true,1,true,"25","120 ft","1-4 days or 2-8 hours","Blinds one or more creatures with hit point limits; no saving throw.","none",["power-word,blindness"],"",""
"gate","Gate","Magic-User",9,"Companion","26",false,"",true,"30 ft","Concentration or special","Opens a gate to another plane or calls a powerful creature; reverse closes a gate.","special",["planar,summoning,reversible"],"Opens planar gate or calls entity.",true,true,1,true,"26","30 ft","Concentration or special","Opens a gate to another plane or calls a powerful creature; reverse closes a gate.","special",["planar,summoning,reversible"],"",""
"maze","Maze","Magic-User",9,"Companion","26",false,"",true,"60 ft","Variable","Banishes one creature into an extradimensional maze until it escapes after a time based on Intelligence.","none",["banishment,control"],"Traps target in extradimensional maze.",true,true,1,true,"26","60 ft","Variable","Banishes one creature into an extradimensional maze until it escapes after a time based on Intelligence.","none",["banishment,control"],"",""